image,text
data/raw/newspaper/news001.png,روزنامہ جنگ راولپنڈی۔ کسی جہاز کو نقصان پہنچایا تو وادی کی منجمد اثاثوں سے کی گئی، ایران کو ہتھیار بھیجے تو بہت مہنگا پڑے گا: ٹرمپ۔ دہشت گردی کے پیچھے بھارت کا ہاتھ، وسائل بھی مہیا کر رہا ہے، افغان سرزمین پاکستان کے خلاف استعمال کر رہے ہیں: وزیر اعظم۔ خودکش حملہ: 15 ملک کے شاندار شہید، 12 دہشت گرد ہلاک۔ ٹینک میں دھماکہ خیز مواد سے بھری گاڑی چیک پوسٹ سے ٹکرا دی، فورسز کی بروقت جوابی کارروائی۔
data/raw/newspaper/news002.png,ایران میں مہنگائی کے خلاف احتجاج شدت اختیار کر گیا، انٹرنیٹ سروس بند، پروازیں منسوخ۔ مظاہروں کے دوران 34 مظاہرین اور 4 سیکیورٹی اہلکار جان بحق، دو ہزار سے زائد افراد گرفتار۔ افغان طالبان کی واپسی کے بعد پاکستان سب سے زیادہ دہشت گردی سے متاثر ملک قرار۔
data/raw/newspaper/news003.png,ایران میں بے امنی، پاکستانی شہریوں کو غیر ضروری سفر سے گریز کی ہدایت۔ دفتر خارجہ نے ایران میں مقیم پاکستانیوں کو احتیاط برتنے کی ہدایت کی۔ امریکا بھارت تجارتی معاہدہ ملتوی ہونے کی وجہ مودی کا ٹرمپ کو کال نہ کرنا تھا۔
data/raw/newspaper/news004.png,بنگلہ دیش اور پاکستان کے درمیان 14 سال بعد براہ راست پروازیں بحال، شیڈول جاری۔ ایران میں احتجاج کا 12 واں روز، مظاہرے کے دوران پولیس افسر جان بحق۔
data/raw/newspaper/news005.png,پاکستان اور سعودی عرب کے درمیان دفاعی تعاون مزید مضبوط بنانے پر اتفاق۔ ایئر چیف مارشل ظہیر احمد بابر سدھو کی سعودی عسکری قیادت سے ملاقات۔ امریکا میں امیگریشن افسر کی فائرنگ سے خاتون ہلاک، بڑے پیمانے پر احتجاج۔
data/raw/newspaper/news006.png,ترجمان کے الیکٹرک کا کہنا ہے کہ بارش کے دوران شہر میں کے الیکٹرک کا ترسیلی نظام مجموعی طور پر مستحکم رہا۔ تقریباً 90 فیصد فیڈرز سے بجلی کی فراہمی بلا تعطل جاری رہی۔
data/raw/newspaper/news007.png,ٹرمپ نے پاکستان، چین، بھارت سمیت 60 ممالک پر نئے ٹیرف نافذ کر دیے۔ آزاد کشمیر اور بھارتی مقبوضہ کشمیر کی صورتحال میں واضح فرق ہے۔ ایران حملہ اور نئے ٹیرف امریکی معیشت کیلئے خطرہ۔
data/raw/newspaper/news008.png,اسلام آباد ہائی کورٹ نے متنازع ٹوئٹس کیس میں ایمان مزاری اور ہادی چٹھہ کی سزا معطلی کی درخواستوں کو قابل سماعت قرار دے دیا۔
data/raw/newspaper/news009.png,سندھ کے مختلف اضلاع میں آج سے 27 جولائی تک وقفے وقفے سے بارش کا امکان ہے۔ محکمہ موسمیات کے مطابق کراچی میں آئندہ تین روز بارش اور بوندا باندی متوقع ہے۔
data/raw/newspaper/news010.png,امیر جماعت اسلامی کراچی منعم ظفر خان کا کہنا ہے کہ گزشتہ روز بارش کے پہلے قطرے کے ساتھ ہی 200 فیڈرز ٹرپ کر گئے۔ سندھ حکومت اور کے الیکٹرک پر شدید تنقید۔
data/raw/newspaper/news011.png,ٹک ٹاک کا پاکستان میں چھوٹے کاروبار کیلئے سیلف سروس ایڈورٹائزنگ پلیٹ فارم متعارف۔ پاکستانی یوٹیوب مواد کے مجموعی واچ ٹائم میں 60 فیصد بیرون ملک ناظرین کا حصہ۔
data/raw/newspaper/news012.png,ٹوائلٹ میں تصاویر کھینچنے کیلئے بنائے گئے کیمرے کے ڈیٹا تک دوسروں کو رسائی کا انکشاف۔ یوٹیوب کا نیا ری کیپ فیچر، صارفین اب سال بھر دیکھی گئی ویڈیوز کا خلاصہ دیکھ سکیں گے۔
data/raw/newspaper/news013.png,پاکستانی مسافروں کیلئے بڑی خبر، یو اے ای پہنچنے پر طویل امیگریشن کارروائی سے چھٹکارا۔ بھارت کا آٹھ ماہ میں دوسرا خلائی مشن ناکام۔
data/raw/newspaper/news014.png,حملے کی صورت میں ایران کی اسرائیل اور امریکی اڈوں کو نشانہ بنانے کی دھمکی۔ ایرانی عوام آزادی چاہتے ہیں، امریکا ان کی مدد کیلئے تیار ہے، ڈونلڈ ٹرمپ۔
data/raw/newspaper/news015.png,ترکیہ پاکستان اور سعودی عرب کے باہمی دفاعی معاہدے میں شمولیت کا خواہاں، نیا سیکورٹی اتحاد متوقع۔ بنگلہ دیش نے بھارت میں اپنے سفارتی مشنز کے ویزا سیکشن بند کر دیے۔
data/raw/newspaper/news016.png,بنگلہ دیش نے آئی پی ایل کی نشریات پر پابندی لگا دی۔ غلامی کے دن ختم، بنگلہ دیش کا اپنے ورلڈ کپ میچز بھارت سے منتقل کروانے کا عندیہ۔
data/raw/newspaper/news017.png,دو روز میں ٹیسٹ میچ ختم، آئی سی سی نے میلبورن کرکٹ گراؤنڈ کی پچ ناقص قرار دے دی۔ تمیز کے دائرے میں رہنا، سرفراز احمد کا جملہ ایشیا کپ کی فتح سے زیادہ وائرل۔
data/raw/newspaper/news018.png,بھارتی کھلاڑیوں کے رویے مناسب نہیں تھے، سرفراز احمد۔ پاکستان نے فیورٹ بھارت کو باآسانی چت کرکے انڈر 19 ایشیا کپ جیت لیا۔
data/raw/newspaper/news019.png,میسی کی آمد پر کولکتہ اسٹیڈیم میں شدید بدنظمی، توڑ پھوڑ، واقعے کی تحقیقات کیلئے کمیٹی تشکیل۔ جنت نظیر وادی آزاد کشمیر میں پی ایس ایل کا میدان سجنے کو تیار۔
data/raw/newspaper/news020.png,حکومت کا گیس مہنگی کرنے کے بجائے پیٹرولیم لیوی مزید بڑھانے کا منصوبہ۔ اسٹاک ایکسچینج میں نئی تاریخ رقم، ایک لاکھ 79 ہزار کی بلند سطح بھی عبور۔
data/raw/books/books001.png,نہ لا تعلق رہو، نہ توقعات پال لو
data/raw/books/books002.png,عبداللہ
data/raw/books/books003.png,اردو ناولوں کا مجموعہ
data/raw/books/books004.png,الحاصل
data/raw/books/books005.png,تم مجھے یاد آؤ گے
data/raw/books/books006.png,محبت انسان کو بدل دیتی ہے
data/raw/books/books007.png,حاصل
data/raw/books/books008.png,راز، زندگی، سکون
data/raw/books/books009.png,واہ انسان، یہ تیرا امتحان ہے
data/raw/books/books010.png,عبداللہ
data/raw/books/books011.png,رمان دل
data/raw/books/books012.png,چہرہ
data/raw/books/books013.png,موجودہ
data/raw/books/books014.png,راز پنہاں
data/raw/books/books015.png,چاند کی تلاش انسان نے نہیں روکی
data/raw/books/books016.png,زندگی کو دوسروں سے مت ناپو
data/raw/books/books017.png,دنیا کو کوئی روزہ دار مکمل سمجھ کر مت اپناؤ
data/raw/books/books018.png,تمہارا انتظار ہمیشہ رہے گا
data/raw/books/books019.png,تکبر انسان کو اندھا کر دیتا ہے
data/raw/books/books020.png,کچھ لوگ دل میں ہمیشہ رہ جاتے ہیں
data/raw/signboards/signboard001.png,قصر آئینہ
data/raw/signboards/signboard002.png,راولپنڈی RAWALPINDI
data/raw/signboards/signboard003.png,KOSHISH کوشش
data/raw/signboards/signboard004.png,Caution CNG PUMPS، No Smoking، سگریٹ نوشی منع ہے، No Naked Light، کھلی آگ جلانا منع ہے، No Mobile Phones، موبائل فون منع ہے، Switch Off Engine، انجن بند کریں
data/raw/signboards/signboard005.png,اسلام آباد، لاہور، کراچی، پشاور، کوئٹہ، ملتان
data/raw/signboards/signboard006.png,پارک میں جانا منع ہے
data/raw/signboards/signboard007.png,اس جگہ پیشاب کرنا منع ہے
data/raw/signboards/signboard008.png,استقبالیہ
data/raw/signboards/signboard009.png,ٹریفک سائنز کی تیاری
data/raw/signboards/signboard010.png,وقف برائے نماز
data/raw/signboards/signboard011.png,ایڈوکیٹ
data/raw/signboards/signboard012.png,چترال، دیر، Chitral، Dir
data/raw/signboards/signboard013.png,فلاویون
data/raw/signboards/signboard014.png,پھول توڑنا، پودوں کو نقصان پہنچانا اور پارک کو گندا کرنا منع ہے
data/raw/signboards/signboard015.png,المطاف - الصحن، ALMataf - Mataf Square
data/raw/signboards/signboard016.png,باب الصفا، زمزم پانی پینے کیلئے، مخرج الی المطاف، وضوخانہ - نساء
data/raw/signboards/signboard017.png,وارڈروب
data/raw/signboards/signboard018.png,خبردار، پھسلنے کا خطرہ
data/raw/signboards/signboard019.png,نرسری، ایل کے جی، یو کے جی، اول مکتب، دوم مکتب، سوم مکتب، چہارم مکتب، پنجم مکتب، CLASS I، CLASS II، CLASS III، CLASS IV، CLASS V
data/raw/signboards/signboard020.png,سرینگر ہائی وے، Srinagar Highway، لیہ، Leh، سرینگر، Srinagar، 733 Km، 300 Km
data/raw/other/other001.png,اسکے ساتھ ملحقہ علاقے کے عوام نے بجلی و گیس
data/raw/other/other002.png,کی لوڈ شیڈنگ کے خلاف مظاہرہ کیا۔ پولیس تشدد سے ایک نوجوان
data/raw/other/other003.png,منشور علی جاں بحق اور 2 خواتین سمیت 14 افراد زخمی ہو گئے۔
data/raw/other/other004.png,علاقے میں کرفیو نافذ کر دیا گیا ہے۔ مکینوں نے الزام
data/raw/other/other005.png,لگایا کہ پولیس کی فائرنگ سے شہری ہلاک ہوا جبکہ
data/raw/other/other006.png,پولیس کا کہنا ہے کہ مظاہرین میں کسی نے نہم
data/raw/other/other007.png,پر براہ راست فائرنگ کی اور فائرنگ کے تبادلے کے
data/raw/other/other008.png,نتیجے میں ایک شہری ہلاک ہو گیا۔ تفصیلات کے مطابق بتول
data/raw/other/other009.png,میں اقوام منزل اور اسکے ساتھ ملحقہ علاقے کے عوام
data/raw/other/other010.png,نے بجلی و گیس کی لوڈ شیڈنگ کے خلاف مظاہرہ کیا۔ مظاہرین نے
data/raw/other/other011.png,مظاہرے کے دوران بینوں، ٹائروں روڈ بلاک کردی اور سٹرک
data/raw/other/other012.png,خالی کرنے سے انکار کردیا، مظاہرین کو روڈ سے ہٹانے
data/raw/other/other013.png,کیلئے پولیس نے مظاہرین پر لاٹھی چارج اور فائرنگ کی
data/raw/other/other014.png,جس سے ایک نوجوان منشور علی جاں بحق اور 2
data/raw/other/other015.png,خواتین سمیت 14 افراد زخمی ہوئے۔ زخمیوں کو قریبی ہسپتال
data/raw/other/other016.png,منتقل کر دیا گیا۔ بنوں اور ڈیرہ اسماعیل خان ضلع کو
data/raw/other/other017.png,ملانے والی مرکزی شاہراہ پر کرفیو نافذ کر دیا گیا ہے۔ بنوں
data/raw/other/other018.png,میں تشدد اس وقت شروع ہوا جب 500 کے لگ بھگ
data/raw/other/other019.png,مظاہرین نے مصروف شاہراہ بلاک کر دی اور خالی کرنے سے
data/raw/other/other020.png,انکار کر دیا۔ مظاہرین نے شاہراہ کو 3 گھنٹے تک بلاک رکھا۔ پولیس کا
data/raw/synthetic/synthetic001.png,پاکستان زندہ باد
data/raw/synthetic/synthetic002.png,آج کا موسم خوشگوار ہے
data/raw/synthetic/synthetic003.png,تعلیم ہر انسان کا حق ہے
data/raw/synthetic/synthetic004.png,کراچی پاکستان کا سب سے بڑا شہر ہے
data/raw/synthetic/synthetic005.png,محنت کامیابی کی کنجی ہے
data/raw/synthetic/synthetic006.png,علم روشنی ہے
data/raw/synthetic/synthetic007.png,وقت کی قدر کرو
data/raw/synthetic/synthetic008.png,صحت ہزار نعمت ہے
data/raw/synthetic/synthetic009.png,میں پاکستانی ہوں مجھے فخر ہے
data/raw/synthetic/synthetic010.png,ماں کی دعا جنت کی کنجی ہے
data/raw/synthetic/synthetic011.png,کتاب انسان کی بہترین دوست ہے
data/raw/synthetic/synthetic012.png,پانی زندگی ہے
data/raw/synthetic/synthetic013.png,سچ بولنا اچھی عادت ہے
data/raw/synthetic/synthetic014.png,لاہور تاریخی شہر ہے
data/raw/synthetic/synthetic015.png,بارش کا موسم خوبصورت ہے
data/raw/synthetic/synthetic016.png,دوستی ایک انمول رشتہ ہے
data/raw/synthetic/synthetic017.png,محنت کبھی رائیگاں نہیں جاتی
data/raw/synthetic/synthetic018.png,امن سب کے لیے ضروری ہے
data/raw/synthetic/synthetic019.png,استاد قوم کا معمار ہے
data/raw/synthetic/synthetic020.png,خوشی بانٹنے سے بڑھتی ہے
